i,episode_seed,ei,k,a_prev,a_int,identifiable,stuck,dplayer_y_fac_cf,dvec_l2_fac_cf,dplayer_y_fac_oth,pix_meanabs_fac_cf,pix_meanabs_fac_oth,identical_fac_cf
0,1005,5,210,0,2,True,0,6.0,6.0,3.0,0.11267006802721088,0.037698412698412696,False
1,1002,2,70,0,3,True,0,6.0,6.0,3.0,0.11281179138321995,0.07511337868480726,False
2,1001,1,122,0,2,True,1,0.0,0.0,0.0,0.0,0.0,True
3,1005,5,67,0,2,True,1,0.0,0.0,0.0,0.0,0.0,True
4,1002,2,217,0,2,True,0,6.0,6.0,3.0,0.11238662131519274,0.037698412698412696,False
5,1011,11,120,0,3,True,0,3.5,3.5,2.0,0.05612244897959184,0.037698412698412696,False
6,1002,2,87,0,2,True,0,6.0,6.0,3.0,0.11210317460317461,0.07482993197278912,False
7,1002,2,177,0,2,True,1,0.0,0.0,0.0,0.0,0.0,True
8,1002,2,209,0,2,True,1,0.0,0.0,0.0,0.0,0.0,True
9,1007,7,42,0,3,True,0,6.0,6.0,3.0,0.11295351473922903,0.03755668934240363,False
10,1008,8,184,0,2,True,1,0.0,0.0,0.0,0.0,0.0,True
11,1002,2,144,0,2,True,0,6.0,6.0,3.0,0.11281179138321995,0.07525510204081633,False
12,1009,9,110,0,3,True,0,6.0,6.0,3.0,0.11238662131519274,0.03755668934240363,False
13,1006,6,223,0,3,True,0,6.0,6.0,3.0,0.11238662131519274,0.03755668934240363,False
14,1002,2,134,0,3,True,1,0.0,0.0,0.0,0.0,0.0,True
15,1012,12,177,0,3,True,0,6.0,6.0,3.0,0.11295351473922903,0.037698412698412696,False
16,1000,0,94,0,2,True,1,0.0,0.0,0.0,0.0,0.0,True
17,1012,12,51,0,3,True,0,5.0,5.0,3.0,0.11210317460317461,0.07497165532879818,False
18,1002,2,91,0,3,True,1,0.0,0.0,0.0,0.0,0.0,True
19,1005,5,101,0,3,True,0,6.0,6.0,3.0,0.0939625850340136,0.03784013605442177,False
20,1010,10,147,0,2,True,1,0.0,0.0,0.0,0.0,0.0,True
21,1004,4,172,0,3,True,1,0.0,0.0,0.0,0.0,0.0,True
22,1005,5,91,0,2,True,1,0.0,0.0,0.0,0.0,0.0,True
23,1012,12,92,0,2,True,0,6.0,6.0,3.0,0.0939625850340136,0.05612244897959184,False
24,1004,4,43,0,3,True,1,0.0,0.0,0.0,0.0,0.0,True
25,1007,7,153,0,3,True,0,6.0,6.0,3.0,0.11267006802721088,0.07511337868480726,False
26,1005,5,126,0,2,True,0,6.0,6.0,3.0,0.11210317460317461,0.037273242630385485,False
27,1006,6,123,0,3,True,0,5.0,5.0,2.0,0.07511337868480726,0.03755668934240363,False
28,1000,0,214,0,2,True,0,6.0,6.0,3.0,0.11267006802721088,0.07497165532879818,False
29,1002,2,213,0,3,True,0,6.0,6.0,3.0,0.11210317460317461,0.037273242630385485,False
30,1008,8,43,0,3,True,1,0.0,0.0,0.0,0.0,0.0,True
31,1007,7,161,0,3,True,1,0.0,0.0,0.0,0.0,0.0,True
32,1002,2,68,0,2,True,0,6.0,6.0,3.0,0.11267006802721088,0.03755668934240363,False
33,1000,0,53,0,3,True,1,0.0,0.0,0.0,0.0,0.0,True
34,1012,12,97,0,3,True,1,0.0,0.0,0.0,0.0,0.0,True
35,1010,10,222,0,2,True,0,6.0,6.0,3.0,0.11210317460317461,0.07497165532879818,False
36,1007,7,138,0,2,True,0,6.0,6.0,3.0,0.11224489795918367,0.07468820861678005,False
37,1009,9,58,0,2,True,1,0.0,0.0,0.0,0.0,0.0,True
38,1012,12,46,0,3,True,0,6.0,6.0,3.0,0.11238662131519274,0.07511337868480726,False
39,1013,13,180,0,2,True,1,0.0,0.0,0.0,0.0,0.0,True
40,1010,10,57,0,2,True,0,6.0,6.0,3.0,0.11295351473922903,0.07511337868480726,False
41,1010,10,209,0,3,True,0,6.0,6.0,3.0,0.11238662131519274,0.07482993197278912,False
42,1001,1,232,0,3,True,0,3.0,3.0,1.5,0.055980725623582764,0.037273242630385485,False
43,1005,5,202,0,2,True,1,0.0,0.0,0.0,0.0,0.0,True
44,1001,1,70,0,2,True,0,6.0,6.0,3.0,0.11238662131519274,0.037698412698412696,False
45,1011,11,190,0,2,True,0,6.0,6.0,3.0,0.11295351473922903,0.07511337868480726,False
46,1000,0,49,0,3,True,1,0.0,0.0,0.0,0.0,0.0,True
47,1011,11,69,0,2,True,0,6.0,6.0,3.0,0.11238662131519274,0.037273242630385485,False
48,1006,6,239,0,3,True,0,5.0,5.0,3.0,0.11267006802721088,0.07511337868480726,False
49,1010,10,194,0,3,True,0,5.0,5.0,3.0,0.07482993197278912,0.037273242630385485,False
50,1011,11,63,0,2,True,1,0.0,0.0,0.0,0.0,0.0,True
51,1012,12,84,0,2,True,0,6.0,6.0,3.0,0.11281179138321995,0.07525510204081633,False
52,1007,7,102,0,3,True,1,0.0,0.0,0.0,0.0,0.0,True
53,1009,9,223,0,2,True,1,0.0,0.0,0.0,0.0,0.0,True
54,1011,11,225,0,2,True,1,0.0,0.0,0.0,0.0,0.0,True
55,1000,0,68,0,2,True,1,0.0,0.0,0.0,0.0,0.0,True
56,1013,13,69,0,2,True,1,0.0,0.0,0.0,0.0,0.0,True
57,1009,9,70,0,3,True,0,6.0,6.0,3.0,0.11210317460317461,0.037273242630385485,False
58,1000,0,124,0,3,True,1,0.0,0.0,0.0,0.0,0.0,True
59,1002,2,54,0,3,True,1,0.0,0.0,0.0,0.0,0.0,True
60,1004,4,71,0,2,True,0,6.0,6.0,3.0,0.11224489795918367,0.07511337868480726,False
61,1000,0,187,0,3,True,0,6.0,6.0,3.0,0.11210317460317461,0.07497165532879818,False
62,1010,10,71,0,2,True,0,6.0,6.0,3.0,0.11210317460317461,0.037273242630385485,False
63,1007,7,90,0,2,True,1,0.0,0.0,0.0,0.0,0.0,True
64,1013,13,64,0,3,True,0,6.0,6.0,3.0,0.11238662131519274,0.03755668934240363,False
65,1005,5,213,0,2,True,1,0.0,0.0,0.0,0.0,0.0,True
66,1009,9,126,0,3,True,1,0.0,0.0,0.0,0.0,0.0,True
67,1008,8,41,0,3,True,1,0.0,0.0,0.0,0.0,0.0,True
68,1007,7,73,0,2,True,1,0.0,0.0,0.0,0.0,0.0,True
69,1001,1,201,0,3,True,0,5.0,5.0,3.0,0.11238662131519274,0.07482993197278912,False
70,1010,10,135,0,3,True,0,5.0,5.0,2.0,0.0939625850340136,0.018849206349206348,False
71,1008,8,238,0,2,True,0,6.0,6.0,3.0,0.11252834467120182,0.037698412698412696,False
72,1006,6,201,0,3,True,0,6.0,6.0,3.0,0.11210317460317461,0.037273242630385485,False
73,1001,1,57,0,3,True,0,6.0,6.0,3.0,0.11267006802721088,0.07511337868480726,False
74,1000,0,183,0,3,True,1,0.0,0.0,0.0,0.0,0.0,True
75,1008,8,248,0,2,True,1,0.0,0.0,0.0,0.0,0.0,True
76,1007,7,177,0,3,True,1,0.0,0.0,0.0,0.0,0.0,True
77,1000,0,61,0,2,True,1,0.0,0.0,0.0,0.0,0.0,True
78,1010,10,151,0,2,True,0,6.0,6.0,3.0,0.11224489795918367,0.03713151927437642,False
79,1013,13,118,0,3,True,1,0.0,0.0,0.0,0.0,0.0,True
80,1011,11,168,0,3,True,0,6.0,6.0,3.0,0.11267006802721088,0.03755668934240363,False
81,1006,6,167,0,3,True,0,6.0,6.0,3.0,0.11267006802721088,0.07539682539682539,False
82,1003,3,126,0,3,True,0,5.0,5.0,3.0,0.11238662131519274,0.07482993197278912,False
83,1006,6,221,0,3,True,0,6.0,6.0,3.0,0.11210317460317461,0.07482993197278912,False
84,1002,2,221,0,3,True,1,0.0,0.0,0.0,0.0,0.0,True
85,1005,5,57,0,3,True,0,5.0,5.0,2.0,0.11210317460317461,0.03713151927437642,False
86,1000,0,191,0,3,True,0,6.0,6.0,3.0,0.11238662131519274,0.07511337868480726,False
87,1011,11,188,0,2,True,1,0.0,0.0,0.0,0.0,0.0,True
88,1005,5,154,0,2,True,0,6.0,6.0,3.0,0.11210317460317461,0.07497165532879818,False
89,1008,8,97,0,2,True,0,6.0,6.0,3.0,0.11238662131519274,0.037698412698412696,False
90,1010,10,165,0,3,True,1,0.0,0.0,0.0,0.0,0.0,True
91,1009,9,215,0,2,True,0,6.0,6.0,3.0,0.11210317460317461,0.03713151927437642,False
92,1008,8,103,0,3,True,1,0.0,0.0,0.0,0.0,0.0,True
93,1005,5,240,0,3,True,1,0.0,0.0,0.0,0.0,0.0,True
94,1004,4,194,0,3,True,0,2.0,2.0,0.5,0.037698412698412696,0.0,False
95,1012,12,102,0,3,True,1,0.0,0.0,0.0,0.0,0.0,True
96,1001,1,203,0,2,True,1,0.0,0.0,0.0,0.0,0.0,True
97,1009,9,38,0,3,True,1,0.0,0.0,0.0,0.0,0.0,True
98,1007,7,145,0,3,True,1,0.0,0.0,0.0,0.0,0.0,True
99,1000,0,105,0,3,True,0,5.0,5.0,2.0,0.11238662131519274,0.03755668934240363,False
100,1004,4,104,0,3,True,1,0.0,0.0,0.0,0.0,0.0,True
101,1009,9,169,0,2,True,1,0.0,0.0,0.0,0.0,0.0,True
102,1008,8,88,0,2,True,0,5.0,5.0,2.0,0.07497165532879818,0.037698412698412696,False
103,1005,5,179,0,3,True,0,6.0,6.0,3.0,0.11295351473922903,0.07525510204081633,False
104,1007,7,147,0,2,True,0,5.0,5.0,2.0,0.11238662131519274,0.03755668934240363,False
105,1004,4,192,0,3,True,1,0.0,0.0,0.0,0.0,0.0,True
106,1006,6,125,0,3,True,0,6.0,6.0,3.0,0.11224489795918367,0.03713151927437642,False
107,1011,11,73,0,2,True,0,6.0,6.0,3.0,0.11295351473922903,0.07525510204081633,False
108,1012,12,212,0,3,True,0,6.0,6.0,3.0,0.11267006802721088,0.037698412698412696,False
109,1012,12,80,0,2,True,1,0.0,0.0,0.0,0.0,0.0,True
110,1001,1,98,0,3,True,1,0.0,0.0,0.0,0.0,0.0,True
111,1009,9,116,0,3,True,1,0.0,0.0,0.0,0.0,0.0,True
112,1011,11,67,0,2,True,1,0.0,0.0,0.0,0.0,0.0,True
113,1010,10,184,0,2,True,1,0.0,0.0,0.0,0.0,0.0,True
114,1005,5,244,0,3,True,1,0.0,0.0,0.0,0.0,0.0,True
115,1005,5,215,0,2,True,0,6.0,6.0,3.0,0.11210317460317461,0.037273242630385485,False
116,1001,1,63,0,2,True,0,5.0,5.0,3.0,0.0939625850340136,0.07511337868480726,False
117,1004,4,120,0,3,True,1,0.0,0.0,0.0,0.0,0.0,True
118,1003,3,133,0,3,True,1,0.0,0.0,0.0,0.0,0.0,True
119,1009,9,108,0,3,True,0,6.0,6.0,3.0,0.11295351473922903,0.03755668934240363,False
120,1012,12,202,0,2,True,1,0.0,0.0,0.0,0.0,0.0,True
121,1008,8,173,0,3,True,1,0.0,0.0,0.0,0.0,0.0,True
122,1005,5,227,0,2,True,1,0.0,0.0,0.0,0.0,0.0,True
123,1010,10,157,0,2,True,0,5.0,5.0,2.0,0.07497165532879818,0.037698412698412696,False
124,1007,7,69,0,3,True,0,6.0,6.0,3.0,0.11238662131519274,0.037273242630385485,False
125,1008,8,199,0,3,True,0,6.0,6.0,3.0,0.11238662131519274,0.037698412698412696,False
126,1009,9,66,0,2,True,0,6.0,6.0,3.0,0.11238662131519274,0.03755668934240363,False
127,1003,3,52,0,3,True,1,0.0,0.0,0.0,0.0,0.0,True
128,1008,8,163,0,2,True,0,5.0,5.0,3.0,0.07482993197278912,0.037273242630385485,False
129,1002,2,148,0,3,True,0,6.0,6.0,3.0,0.11210317460317461,0.037273242630385485,False
130,1004,4,124,0,3,True,1,0.0,0.0,0.0,0.0,0.0,True
131,1004,4,85,0,3,True,0,6.0,6.0,3.0,0.11267006802721088,0.03755668934240363,False
132,1007,7,189,0,2,True,1,0.0,0.0,0.0,0.0,0.0,True
133,1012,12,59,0,3,True,1,0.0,0.0,0.0,0.0,0.0,True
134,1005,5,238,0,3,True,0,4.5,4.5,3.0,0.07497165532879818,0.05612244897959184,False
135,1007,7,222,0,2,True,1,0.0,0.0,0.0,0.0,0.0,True
136,1012,12,116,0,3,True,1,0.0,0.0,0.0,0.0,0.0,True
137,1000,0,72,0,2,True,0,5.0,5.0,3.0,0.11267006802721088,0.07497165532879818,False
138,1011,11,65,0,2,True,0,1.5,1.5,1.5,0.03713151927437642,0.03713151927437642,False
139,1003,3,212,0,3,True,0,6.0,6.0,3.0,0.11224489795918367,0.07468820861678005,False
140,1008,8,151,0,2,True,1,0.0,0.0,0.0,0.0,0.0,True
141,1007,7,38,0,3,True,1,0.0,0.0,0.0,0.0,0.0,True
142,1011,11,186,0,2,True,1,0.0,0.0,0.0,0.0,0.0,True
143,1007,7,226,0,2,True,0,6.0,6.0,3.0,0.11210317460317461,0.07454648526077097,False
144,1004,4,106,0,3,True,1,0.0,0.0,0.0,0.0,0.0,True
145,1007,7,130,0,3,True,0,6.0,6.0,3.0,0.11281179138321995,0.037698412698412696,False
146,1004,4,77,0,2,True,0,6.0,6.0,3.0,0.11267006802721088,0.037698412698412696,False
147,1009,9,202,0,3,True,0,6.0,6.0,3.0,0.11238662131519274,0.07468820861678005,False
148,1011,11,112,0,3,True,0,3.0,3.0,1.5,0.055980725623582764,0.018849206349206348,False
149,1003,3,204,0,2,True,0,6.0,6.0,3.0,0.11295351473922903,0.03784013605442177,False
150,1008,8,201,0,3,True,1,0.0,0.0,0.0,0.0,0.0,True
151,1011,11,203,0,3,True,1,0.0,0.0,0.0,0.0,0.0,True
152,1005,5,69,0,2,True,0,6.0,6.0,3.0,0.11267006802721088,0.037698412698412696,False
153,1000,0,46,0,3,True,1,0.0,0.0,0.0,0.0,0.0,True
154,1011,11,211,0,2,True,0,5.0,5.0,3.0,0.11295351473922903,0.07525510204081633,False
155,1011,11,41,0,3,True,1,0.0,0.0,0.0,0.0,0.0,True
156,1007,7,60,0,3,True,1,0.0,0.0,0.0,0.0,0.0,True
157,1012,12,78,0,2,True,1,0.0,0.0,0.0,0.0,0.0,True
158,1010,10,180,0,2,True,1,0.0,0.0,0.0,0.0,0.0,True
159,1005,5,166,0,3,True,1,0.0,0.0,0.0,0.0,0.0,True
160,1010,10,218,0,3,True,1,0.0,0.0,0.0,0.0,0.0,True
161,1006,6,205,0,2,True,1,0.0,0.0,0.0,0.0,0.0,True
162,1013,13,100,0,3,True,0,5.0,5.0,3.0,0.07497165532879818,0.037273242630385485,False
163,1005,5,146,0,3,True,0,6.0,6.0,3.0,0.11281179138321995,0.07511337868480726,False
164,1011,11,196,0,2,True,1,0.0,0.0,0.0,0.0,0.0,True
165,1000,0,44,0,3,True,0,5.0,5.0,3.0,0.07511337868480726,0.03755668934240363,False
166,1010,10,41,0,3,True,1,0.0,0.0,0.0,0.0,0.0,True
167,1005,5,122,0,2,True,1,0.0,0.0,0.0,0.0,0.0,True
168,1005,5,246,0,2,True,0,6.0,6.0,3.0,0.11238662131519274,0.07511337868480726,False
169,1007,7,121,0,3,True,0,6.0,6.0,3.0,0.10260770975056689,0.07497165532879818,False
170,1012,12,170,0,2,True,0,6.0,6.0,3.0,0.11238662131519274,0.037698412698412696,False
171,1006,6,199,0,2,True,0,3.0,3.0,2.0,0.037698412698412696,0.018849206349206348,False
172,1005,5,41,0,3,True,1,0.0,0.0,0.0,0.0,0.0,True
173,1006,6,249,0,3,True,0,6.0,6.0,3.0,0.11267006802721088,0.03755668934240363,False
174,1007,7,238,0,2,True,0,6.0,6.0,3.0,0.11295351473922903,0.03784013605442177,False
175,1003,3,130,0,2,True,0,5.0,5.0,3.0,0.0939625850340136,0.07511337868480726,False
176,1011,11,205,0,2,True,0,6.0,6.0,3.0,0.11295351473922903,0.07539682539682539,False
177,1010,10,230,0,3,True,0,6.0,6.0,3.0,0.11210317460317461,0.07497165532879818,False
178,1003,3,143,0,2,True,1,0.0,0.0,0.0,0.0,0.0,True
179,1002,2,47,0,3,True,1,0.0,0.0,0.0,0.0,0.0,True
180,1003,3,40,0,2,True,1,0.0,0.0,0.0,0.0,0.0,True
181,1006,6,83,0,2,True,0,6.0,6.0,3.0,0.11224489795918367,0.03755668934240363,False
182,1006,6,209,0,2,True,0,6.0,6.0,3.0,0.11267006802721088,0.07497165532879818,False
183,1009,9,213,0,2,True,0,6.0,6.0,3.0,0.11210317460317461,0.037273242630385485,False
184,1003,3,232,0,2,True,1,0.0,0.0,0.0,0.0,0.0,True
185,1013,13,109,0,3,True,0,6.0,6.0,3.0,0.11210317460317461,0.037273242630385485,False
186,1003,3,245,0,2,True,0,5.0,5.0,2.0,0.11295351473922903,0.037698412698412696,False
187,1001,1,80,0,3,True,1,0.0,0.0,0.0,0.0,0.0,True
188,1010,10,226,0,3,True,0,6.0,6.0,3.0,0.11267006802721088,0.07497165532879818,False
189,1004,4,118,0,3,True,1,0.0,0.0,0.0,0.0,0.0,True
190,1005,5,83,0,2,True,0,6.0,6.0,3.0,0.11210317460317461,0.07482993197278912,False
191,1008,8,80,0,2,True,1,0.0,0.0,0.0,0.0,0.0,True
192,1011,11,114,0,3,True,1,0.0,0.0,0.0,0.0,0.0,True
193,1002,2,204,0,3,True,0,6.0,6.0,3.0,0.11238662131519274,0.07468820861678005,False
194,1002,2,188,0,3,True,1,0.0,0.0,0.0,0.0,0.0,True
195,1004,4,182,0,3,True,0,6.0,6.0,3.0,0.11281179138321995,0.03755668934240363,False
196,1003,3,92,0,2,True,0,6.0,6.0,3.0,0.11281179138321995,0.07511337868480726,False
197,1010,10,235,0,3,True,1,0.0,0.0,0.0,0.0,0.0,True
198,1012,12,241,0,3,True,0,6.0,6.0,3.0,0.11267006802721088,0.07511337868480726,False
199,1001,1,162,0,3,True,1,0.0,0.0,0.0,0.0,0.0,True
200,1009,9,95,0,2,True,1,0.0,0.0,0.0,0.0,0.0,True
201,1003,3,155,0,2,True,1,0.0,0.0,0.0,0.0,0.0,True
202,1000,0,201,0,2,True,1,0.0,0.0,0.0,0.0,0.0,True
203,1010,10,173,0,2,True,1,0.0,0.0,0.0,0.0,0.0,True
204,1006,6,116,0,3,True,1,0.0,0.0,0.0,0.0,0.0,True
205,1005,5,171,0,3,True,1,0.0,0.0,0.0,0.0,0.0,True
206,1005,5,97,0,2,True,0,5.0,5.0,2.0,0.07497165532879818,0.037698412698412696,False
207,1009,9,211,0,3,True,1,0.0,0.0,0.0,0.0,0.0,True
208,1000,0,203,0,2,True,1,0.0,0.0,0.0,0.0,0.0,True
209,1010,10,88,0,2,True,0,6.0,6.0,3.0,0.11267006802721088,0.07497165532879818,False
210,1010,10,171,0,2,True,1,0.0,0.0,0.0,0.0,0.0,True
211,1008,8,107,0,3,True,0,5.0,5.0,2.0,0.11238662131519274,0.037273242630385485,False
212,1006,6,235,0,2,True,1,0.0,0.0,0.0,0.0,0.0,True
213,1013,13,57,0,3,True,1,0.0,0.0,0.0,0.0,0.0,True
214,1008,8,116,0,3,True,0,6.0,6.0,3.0,0.11224489795918367,0.03755668934240363,False
215,1012,12,198,0,3,True,0,6.0,6.0,3.0,0.11238662131519274,0.03755668934240363,False
216,1011,11,102,0,3,True,1,0.0,0.0,0.0,0.0,0.0,True
217,1007,7,236,0,2,True,0,5.0,5.0,2.0,0.07525510204081633,0.03755668934240363,False
218,1009,9,42,0,3,True,1,0.0,0.0,0.0,0.0,0.0,True
219,1004,4,114,0,3,True,1,0.0,0.0,0.0,0.0,0.0,True
220,1011,11,173,0,3,True,1,0.0,0.0,0.0,0.0,0.0,True
221,1001,1,155,0,2,True,0,1.5,1.5,1.5,0.03755668934240363,0.03755668934240363,False
222,1006,6,213,0,2,True,1,0.0,0.0,0.0,0.0,0.0,True
223,1000,0,212,0,2,True,1,0.0,0.0,0.0,0.0,0.0,True
224,1004,4,75,0,2,True,0,6.0,6.0,3.0,0.11267006802721088,0.03755668934240363,False
225,1008,8,130,0,2,True,1,0.0,0.0,0.0,0.0,0.0,True
226,1010,10,83,0,2,True,1,0.0,0.0,0.0,0.0,0.0,True
227,1001,1,95,0,2,True,0,6.0,6.0,3.0,0.11267006802721088,0.03755668934240363,False
228,1003,3,236,0,3,True,1,0.0,0.0,0.0,0.0,0.0,True
229,1001,1,152,0,3,True,0,2.0,2.0,0.5,0.03713151927437642,0.01870748299319728,False
230,1006,6,207,0,2,True,1,0.0,0.0,0.0,0.0,0.0,True
231,1010,10,155,0,2,True,1,0.0,0.0,0.0,0.0,0.0,True
232,1002,2,166,0,2,True,0,6.0,6.0,3.0,0.11267006802721088,0.07497165532879818,False
233,1005,5,139,0,2,True,0,6.0,6.0,3.0,0.11281179138321995,0.07511337868480726,False
234,1001,1,191,0,2,True,1,0.0,0.0,0.0,0.0,0.0,True
235,1009,9,181,0,3,True,1,0.0,0.0,0.0,0.0,0.0,True
236,1001,1,78,0,3,True,1,0.0,0.0,0.0,0.0,0.0,True
237,1001,1,51,0,3,True,1,0.0,0.0,0.0,0.0,0.0,True
238,1005,5,116,0,3,True,0,5.0,5.0,3.0,0.07497165532879818,0.037698412698412696,False
239,1005,5,144,0,3,True,0,5.0,5.0,3.0,0.07468820861678005,0.03755668934240363,False
240,1009,9,236,0,2,True,0,5.0,5.0,3.0,0.07468820861678005,0.03713151927437642,False
241,1006,6,76,0,2,True,1,0.0,0.0,0.0,0.0,0.0,True
242,1001,1,189,0,2,True,0,6.0,6.0,3.0,0.11224489795918367,0.03755668934240363,False
243,1002,2,161,0,3,True,1,0.0,0.0,0.0,0.0,0.0,True
244,1008,8,39,0,3,True,1,0.0,0.0,0.0,0.0,0.0,True
245,1011,11,229,0,3,True,0,6.0,6.0,3.0,0.11238662131519274,0.037273242630385485,False
246,1000,0,107,0,3,True,1,0.0,0.0,0.0,0.0,0.0,True
247,1000,0,122,0,3,True,0,6.0,6.0,3.0,0.11267006802721088,0.07511337868480726,False
248,1008,8,232,0,2,True,1,0.0,0.0,0.0,0.0,0.0,True
249,1007,7,40,0,3,True,1,0.0,0.0,0.0,0.0,0.0,True
