i,valid_fac_cf,dplayer_y_fac_cf,pix_meanabs_fac_cf,token_hamming_fac_cf,collision_fac_cf,prequant_latent_dist_fac_cf,token_hamming_fac_other,collision_fac_other,cur_tokens,fac_tokens,cf_tokens
0,True,6.0,0.11267006802721088,4,False,6.254119396209717,4,False,12|12|12|12,3|57|3|3,49|49|49|49
1,True,6.0,0.11281179138321995,4,False,12.174821853637695,2,False,24|61|61|24,24|61|61|24,9|9|9|9
2,True,0.0,0.0,0,True,0.0,0,True,13|37|37|13,16|16|16|16,16|16|16|16
3,True,0.0,0.0,0,True,0.0,0,True,15|15|15|15,17|17|17|17,17|17|17|17
4,True,6.0,0.11238662131519274,4,False,11.030655860900879,4,False,23|23|23|23,47|47|47|47,19|19|19|19
5,True,3.5,0.05612244897959184,4,False,12.045602798461914,4,False,58|58|58|58,11|55|11|11,58|58|58|58
6,True,6.0,0.11210317460317461,4,False,11.052774429321289,4,False,3|3|3|3,39|39|39|39,12|12|12|12
7,True,0.0,0.0,0,True,0.0,0,True,11|11|11|11,7|7|7|7,7|7|7|7
8,True,0.0,0.0,0,True,0.0,0,True,0|0|0|0,3|3|3|3,3|3|3|3
9,True,6.0,0.11295351473922903,4,False,12.966852188110352,4,False,33|56|33|33,29|29|29|29,33|33|33|33
10,True,0.0,0.0,0,True,0.0,0,True,54|54|54|54,11|43|11|11,11|43|11|11
11,True,6.0,0.11281179138321995,4,False,13.369104385375977,4,False,31|54|54|31,2|9|9|2,24|62|62|24
12,True,6.0,0.11238662131519274,4,False,10.427184104919434,0,True,54|55|54|54,43|43|43|43,54|54|54|54
13,True,6.0,0.11238662131519274,4,False,11.80470085144043,3,False,52|52|52|52,39|52|39|39,28|28|28|28
14,True,0.0,0.0,0,True,0.0,0,True,43|31|31|43,42|57|57|42,42|57|57|42
15,True,6.0,0.11295351473922903,4,False,6.681307315826416,4,False,21|20|20|21,16|16|16|16,13|13|13|13
16,True,0.0,0.0,0,True,0.0,0,True,25|25|25|25,11|11|11|11,11|11|11|11
17,True,5.0,0.11210317460317461,4,False,6.585558891296387,4,False,15|15|15|15,60|60|60|60,17|15|15|17
18,True,0.0,0.0,0,True,0.0,0,True,11|62|11|11,58|58|58|58,58|58|58|58
19,True,6.0,0.0939625850340136,3,False,5.648569583892822,4,False,50|50|50|50,5|58|5|5,58|58|58|58
20,True,0.0,0.0,0,True,0.0,0,True,60|60|60|60,17|15|15|17,17|15|15|17
21,True,0.0,0.0,0,True,0.0,0,True,29|29|29|29,63|63|63|63,63|63|63|63
22,True,0.0,0.0,0,True,0.0,0,True,18|50|18|18,57|57|57|57,57|57|57|57
23,True,6.0,0.0939625850340136,3,False,5.619929313659668,4,False,50|50|50|50,58|58|58|58,5|58|5|5
24,True,0.0,0.0,0,True,0.0,0,True,19|19|19|19,19|19|19|19,19|19|19|19
25,True,6.0,0.11267006802721088,4,False,12.254688262939453,4,False,37|37|37|37,37|37|37|37,63|63|63|63
26,True,6.0,0.11210317460317461,4,False,9.785415649414062,4,False,27|27|27|27,1|1|1|1,27|27|27|27
27,True,5.0,0.07511337868480726,1,False,1.6149811744689941,1,False,18|18|18|18,56|56|56|56,56|18|56|56
28,True,6.0,0.11267006802721088,4,False,14.28523063659668,4,False,26|26|26|26,63|63|63|63,26|9|9|26
29,True,6.0,0.11210317460317461,4,False,11.009161949157715,0,True,39|52|39|39,12|12|12|12,39|39|39|39
30,True,0.0,0.0,0,True,0.0,0,True,27|27|27|27,27|27|27|27,27|27|27|27
31,True,0.0,0.0,0,True,0.0,0,True,27|27|27|27,63|63|63|63,63|63|63|63
32,True,6.0,0.11267006802721088,4,False,9.82458209991455,2,False,51|59|51|51,42|61|61|42,51|59|51|51
33,True,0.0,0.0,0,True,0.0,0,True,29|29|29|29,1|29|1|1,1|29|1|1
34,True,0.0,0.0,0,True,0.0,0,True,55|55|55|55,55|55|55|55,55|55|55|55
35,True,6.0,0.11210317460317461,4,False,9.430984497070312,4,False,10|10|10|10,10|10|10|10,35|35|35|35
36,True,6.0,0.11224489795918367,4,False,11.60091495513916,4,False,17|17|17|17,61|61|61|61,17|17|17|17
37,True,0.0,0.0,0,True,0.0,0,True,42|38|51|42,51|51|51|51,51|51|51|51
38,True,6.0,0.11238662131519274,4,False,9.20098876953125,4,False,63|63|63|63,13|13|13|13,40|40|40|40
39,True,0.0,0.0,0,True,0.0,0,True,15|15|15|15,44|44|44|44,44|44|44|44
40,True,6.0,0.11295351473922903,3,False,8.60339069366455,3,False,42|51|51|42,42|38|51|42,51|52|51|51
41,True,6.0,0.11238662131519274,4,False,8.683524131774902,4,False,39|52|39|39,12|12|12|12,39|52|39|39
42,True,3.0,0.055980725623582764,4,False,9.193598747253418,0,True,58|58|58|58,58|58|58|58,62|62|62|62
43,True,0.0,0.0,0,True,0.0,0,True,57|57|57|57,3|36|3|3,3|36|3|3
44,True,6.0,0.11238662131519274,4,False,8.027183532714844,4,False,17|17|17|17,21|21|21|21,17|46|46|17
45,True,6.0,0.11295351473922903,3,False,7.204225540161133,3,False,51|35|11|51,42|51|51|42,51|25|51|51
46,True,0.0,0.0,0,True,0.0,0,True,33|14|33|33,33|33|33|33,33|33|33|33
47,True,6.0,0.11238662131519274,4,False,10.932308197021484,4,False,51|59|51|51,43|31|31|43,51|51|51|51
48,True,5.0,0.11267006802721088,4,False,15.584672927856445,4,False,50|50|50|50,54|54|54|54,5|58|5|5
49,True,5.0,0.07482993197278912,4,False,13.17227554321289,0,True,54|54|54|54,54|54|54|54,37|50|37|37
50,True,0.0,0.0,0,True,0.0,0,True,24|61|61|24,51|51|51|51,51|51|51|51
51,True,6.0,0.11281179138321995,4,False,8.476554870605469,4,False,18|50|18|18,49|49|49|49,57|57|57|57
52,True,0.0,0.0,0,True,0.0,0,True,11|55|11|11,58|58|58|58,58|58|58|58
53,True,0.0,0.0,0,True,0.0,0,True,49|49|49|49,3|3|3|3,3|3|3|3
54,True,0.0,0.0,0,True,0.0,0,True,14|14|14|14,47|47|47|47,47|47|47|47
55,True,0.0,0.0,0,True,0.0,0,True,51|59|51|51,51|51|51|51,51|51|51|51
56,True,0.0,0.0,0,True,0.0,0,True,37|37|37|37,13|13|13|13,13|13|13|13
57,True,6.0,0.11210317460317461,4,False,7.2375688552856445,1,False,14|14|14|14,33|33|33|33,14|27|14|14
58,True,0.0,0.0,0,True,0.0,0,True,4|34|4|4,21|61|21|21,21|61|21|21
59,True,0.0,0.0,0,True,0.0,0,True,40|37|37|40,40|37|40|40,40|37|40|40
60,True,6.0,0.11224489795918367,4,False,10.432268142700195,4,False,60|60|60|60,46|46|46|46,15|15|15|15
61,True,6.0,0.11210317460317461,4,False,10.283858299255371,4,False,43|62|62|43,60|60|60|60,17|17|17|17
62,True,6.0,0.11210317460317461,4,False,9.778640747070312,4,False,27|27|27|27,1|1|1|1,27|27|27|27
63,True,0.0,0.0,0,True,0.0,0,True,19|19|19|19,19|19|19|19,19|19|19|19
64,True,6.0,0.11238662131519274,4,False,9.141087532043457,4,False,27|27|27|27,13|13|13|13,40|40|40|40
65,True,0.0,0.0,0,True,0.0,0,True,25|25|25|25,25|25|25|25,25|25|25|25
66,True,0.0,0.0,0,True,0.0,0,True,0|0|0|0,0|0|0|0,0|0|0|0
67,True,0.0,0.0,0,True,0.0,0,True,40|40|40|40,63|63|63|63,63|63|63|63
68,True,0.0,0.0,0,True,0.0,0,True,51|51|51|51,51|51|51|51,51|51|51|51
69,True,5.0,0.11238662131519274,4,False,13.230966567993164,4,False,54|54|54|54,54|54|54|54,50|50|50|50
70,True,5.0,0.0939625850340136,4,False,9.849113464355469,4,False,51|51|51|51,62|26|26|62,51|56|51|51
71,True,6.0,0.11252834467120182,4,False,13.05672836303711,4,False,46|46|46|46,38|41|38|38,16|47|47|16
72,True,6.0,0.11210317460317461,2,False,9.063580513000488,4,False,17|51|51|17,42|61|61|42,24|61|61|24
73,True,6.0,0.11267006802721088,4,False,10.965126037597656,4,False,54|20|20|54,31|62|62|31,54|9|9|54
74,True,0.0,0.0,0,True,0.0,0,True,29|29|29|29,29|29|29|29,29|29|29|29
75,True,0.0,0.0,0,True,0.0,0,True,21|21|21|21,16|21|21|16,16|21|21|16
76,True,0.0,0.0,0,True,0.0,0,True,40|40|40|40,1|1|1|1,1|1|1|1
77,True,0.0,0.0,0,True,0.0,0,True,43|31|31|43,51|9|51|51,51|9|51|51
78,True,6.0,0.11224489795918367,4,False,14.375246047973633,4,False,46|46|46|46,61|61|61|61,17|15|15|17
79,True,0.0,0.0,0,True,0.0,0,True,11|33|11|11,19|19|19|19,19|19|19|19
80,True,6.0,0.11267006802721088,4,False,8.567662239074707,1,False,1|29|1|1,1|1|1|1,8|8|8|8
81,True,6.0,0.11267006802721088,4,False,10.645867347717285,4,False,8|8|8|8,8|8|8|8,33|14|33|33
82,True,5.0,0.11238662131519274,4,False,7.372654914855957,4,False,17|46|46|17,44|44|44|44,17|46|46|17
83,True,6.0,0.11210317460317461,4,False,11.018566131591797,4,False,3|57|3|3,52|52|52|52,11|11|11|11
84,True,0.0,0.0,0,True,0.0,0,True,56|10|56|56,56|10|56|56,56|10|56|56
85,True,5.0,0.11210317460317461,4,False,11.83491325378418,4,False,40|9|40|40,46|46|46|46,16|16|16|16
86,True,6.0,0.11238662131519274,4,False,13.027653694152832,4,False,42|62|62|42,51|51|51|51,42|31|31|42
87,True,0.0,0.0,0,True,0.0,0,True,51|35|11|51,51|14|51|51,51|14|51|51
88,True,6.0,0.11210317460317461,4,False,8.25213623046875,4,False,61|61|61|61,16|16|16|16,46|46|46|46
89,True,6.0,0.11238662131519274,4,False,11.77951431274414,4,False,11|11|11|11,28|28|28|28,39|52|39|39
90,True,0.0,0.0,0,True,0.0,0,True,56|10|56|56,56|10|56|56,56|10|56|56
91,True,6.0,0.11210317460317461,4,False,7.454436302185059,1,False,33|56|33|33,14|27|14|14,33|33|33|33
92,True,0.0,0.0,0,True,0.0,0,True,58|58|58|58,58|58|58|58,58|58|58|58
93,True,0.0,0.0,0,True,0.0,0,True,28|41|28|28,54|54|54|54,54|54|54|54
94,True,2.0,0.037698412698412696,2,False,5.001833438873291,0,True,51|33|51|51,32|39|39|32,32|38|32|32
95,True,0.0,0.0,0,True,0.0,0,True,62|62|62|62,58|58|58|58,58|58|58|58
96,True,0.0,0.0,0,True,0.0,0,True,43|43|43|43,28|28|28|28,28|28|28|28
97,True,0.0,0.0,0,True,0.0,0,True,56|10|56|56,56|56|56|56,56|56|56|56
98,True,0.0,0.0,0,True,0.0,0,True,63|63|63|63,24|24|24|24,24|24|24|24
99,True,5.0,0.11238662131519274,4,False,10.438346862792969,0,True,43|43|43|43,43|43|43|43,54|54|54|54
100,True,0.0,0.0,0,True,0.0,0,True,7|7|7|7,11|11|11|11,11|11|11|11
101,True,0.0,0.0,0,True,0.0,0,True,40|37|40|40,17|46|46|17,17|46|46|17
102,True,5.0,0.07497165532879818,4,False,7.65094518661499,1,False,28|28|28|28,11|43|11|11,28|28|28|28
103,True,6.0,0.11295351473922903,4,False,12.272028923034668,4,False,33|56|33|33,29|29|29|29,33|33|33|33
104,True,5.0,0.11238662131519274,4,False,8.36257553100586,2,False,17|46|46|17,17|46|46|17,44|44|44|44
105,True,0.0,0.0,0,True,0.0,0,True,38|54|54|38,42|12|12|42,42|12|12|42
106,True,6.0,0.11224489795918367,4,False,9.76859188079834,1,False,35|35|35|35,14|14|14|14,35|35|35|35
107,True,6.0,0.11295351473922903,4,False,9.908470153808594,4,False,61|61|61|61,13|13|13|13,16|16|16|16
108,True,6.0,0.11267006802721088,4,False,11.649938583374023,4,False,46|46|46|46,61|61|61|61,21|9|9|21
109,True,0.0,0.0,0,True,0.0,0,True,14|27|14|14,35|35|35|35,35|35|35|35
110,True,0.0,0.0,0,True,0.0,0,True,58|58|58|58,58|58|58|58,58|58|58|58
111,True,0.0,0.0,0,True,0.0,0,True,52|52|52|52,52|52|52|52,52|52|52|52
112,True,0.0,0.0,0,True,0.0,0,True,32|20|20|32,32|37|37|32,32|37|37|32
113,True,0.0,0.0,0,True,0.0,0,True,43|43|43|43,43|43|43|43,43|43|43|43
114,True,0.0,0.0,0,True,0.0,0,True,11|7|11|11,39|52|39|39,39|52|39|39
115,True,6.0,0.11210317460317461,4,False,10.514411926269531,4,False,28|28|28|28,11|11|11|11,52|52|52|52
116,True,5.0,0.0939625850340136,4,False,10.825299263000488,4,False,32|14|32|32,51|5|51|51,55|9|9|55
117,True,0.0,0.0,0,True,0.0,0,True,14|14|14|14,56|37|56|56,56|37|56|56
118,True,0.0,0.0,0,True,0.0,0,True,31|31|31|31,39|24|24|39,39|24|24|39
119,True,6.0,0.11295351473922903,4,False,11.73362922668457,3,False,50|50|50|50,37|50|37|37,11|62|11|11
120,True,0.0,0.0,0,True,0.0,0,True,51|5|51|51,51|51|51|51,51|51|51|51
121,True,0.0,0.0,0,True,0.0,0,True,55|55|55|55,55|55|55|55,55|55|55|55
122,True,0.0,0.0,0,True,0.0,0,True,58|58|58|58,62|62|62|62,62|62|62|62
123,True,5.0,0.07497165532879818,4,False,6.892706871032715,4,False,35|35|35|35,23|23|23|23,47|47|47|47
124,True,6.0,0.11238662131519274,2,False,11.134337425231934,2,False,24|61|61|24,43|31|31|43,24|31|31|24
125,True,6.0,0.11238662131519274,4,False,8.677160263061523,4,False,39|39|39|39,12|12|12|12,39|52|39|39
126,True,6.0,0.11238662131519274,4,False,12.051657676696777,3,False,40|40|40|40,29|29|29|29,40|40|40|40
127,True,0.0,0.0,0,True,0.0,0,True,16|16|16|16,23|8|23|23,23|8|23|23
128,True,5.0,0.07482993197278912,4,False,8.639337539672852,1,False,54|55|54|54,54|54|54|54,43|43|43|43
129,True,6.0,0.11210317460317461,4,False,11.74353313446045,4,False,27|27|27|27,63|63|63|63,1|29|1|1
130,True,0.0,0.0,0,True,0.0,0,True,17|49|17|17,40|40|40|40,40|40|40|40
131,True,6.0,0.11267006802721088,4,False,9.899467468261719,4,False,28|28|28|28,7|7|7|7,54|55|54|54
132,True,0.0,0.0,0,True,0.0,0,True,17|17|17|17,17|17|17|17,17|17|17|17
133,True,0.0,0.0,0,True,0.0,0,True,31|31|31|31,31|54|54|31,31|54|54|31
134,True,4.5,0.07497165532879818,4,False,12.213773727416992,4,False,58|58|58|58,11|62|11|11,58|58|58|58
135,True,0.0,0.0,0,True,0.0,0,True,47|47|47|47,47|47|47|47,47|47|47|47
136,True,0.0,0.0,0,True,0.0,0,True,47|47|47|47,35|35|35|35,35|35|35|35
137,True,5.0,0.11267006802721088,4,False,13.121145248413086,4,False,24|42|42|24,63|63|63|63,9|9|9|9
138,True,1.5,0.03713151927437642,2,False,8.847946166992188,2,False,32|20|20|32,32|20|20|32,32|24|24|32
139,True,6.0,0.11224489795918367,4,False,11.334096908569336,4,False,11|11|11|11,3|57|3|3,52|52|52|52
140,True,0.0,0.0,0,True,0.0,0,True,52|52|52|52,25|25|25|25,25|25|25|25
141,True,0.0,0.0,0,True,0.0,0,True,19|19|19|19,19|19|19|19,19|19|19|19
142,True,0.0,0.0,0,True,0.0,0,True,51|51|51|51,51|58|51|51,51|58|51|51
143,True,6.0,0.11210317460317461,4,False,8.393274307250977,4,False,56|10|56|56,0|0|0|0,56|18|56|56
144,True,0.0,0.0,0,True,0.0,0,True,11|11|11|11,28|28|28|28,28|28|28|28
145,True,6.0,0.11281179138321995,4,False,12.917200088500977,4,False,37|37|37|37,21|39|39|21,27|27|27|27
146,True,6.0,0.11267006802721088,4,False,7.340514183044434,4,False,29|29|29|29,14|14|14|14,33|56|33|33
147,True,6.0,0.11238662131519274,4,False,9.22121810913086,4,False,17|17|17|17,17|46|46|17,21|21|21|21
148,True,3.0,0.055980725623582764,4,False,9.466450691223145,0,True,58|58|58|58,58|58|58|58,62|62|62|62
149,True,6.0,0.11295351473922903,4,False,11.724557876586914,4,False,11|62|11|11,11|62|11|11,37|50|37|37
150,True,0.0,0.0,0,True,0.0,0,True,3|3|3|3,57|57|57|57,57|57|57|57
151,True,0.0,0.0,0,True,0.0,0,True,16|24|24|16,61|61|61|61,61|61|61|61
152,True,6.0,0.11267006802721088,4,False,9.65645694732666,4,False,61|61|61|61,40|37|37|40,21|21|21|21
153,True,0.0,0.0,0,True,0.0,0,True,14|14|14|14,33|14|33|33,33|14|33|33
154,True,5.0,0.11295351473922903,4,False,6.715349197387695,4,False,16|16|16|16,13|13|13|13,16|16|16|16
155,True,0.0,0.0,0,True,0.0,0,True,63|63|63|63,27|27|27|27,27|27|27|27
156,True,0.0,0.0,0,True,0.0,0,True,24|54|47|24,20|24|24|20,20|24|24|20
157,True,0.0,0.0,0,True,0.0,0,True,40|40|40|40,33|56|33|33,33|56|33|33
158,True,0.0,0.0,0,True,0.0,0,True,43|43|43|43,43|43|43|43,43|43|43|43
159,True,0.0,0.0,0,True,0.0,0,True,35|35|35|35,19|19|19|19,19|19|19|19
160,True,0.0,0.0,0,True,0.0,0,True,18|50|18|18,18|18|18|18,18|18|18|18
161,True,0.0,0.0,0,True,0.0,0,True,43|31|31|43,31|31|31|31,31|31|31|31
162,True,5.0,0.07497165532879818,4,False,11.489383697509766,1,False,58|58|58|58,11|62|11|11,58|58|58|58
163,True,6.0,0.11281179138321995,4,False,11.697795867919922,4,False,33|14|33|33,1|29|1|1,33|56|33|33
164,True,0.0,0.0,0,True,0.0,0,True,54|52|52|54,2|9|9|2,2|9|9|2
165,True,5.0,0.07511337868480726,4,False,9.599241256713867,4,False,14|33|14|14,14|27|14|14,35|35|35|35
166,True,0.0,0.0,0,True,0.0,0,True,1|1|1|1,1|1|1|1,1|1|1|1
167,True,0.0,0.0,0,True,0.0,0,True,13|37|37|13,16|9|9|16,16|9|9|16
168,True,6.0,0.11238662131519274,4,False,11.178424835205078,4,False,49|49|49|49,3|36|3|3,18|50|18|18
169,True,6.0,0.10260770975056689,4,False,7.294848918914795,4,False,17|46|17|17,63|19|63|63,51|51|51|51
170,True,6.0,0.11238662131519274,4,False,8.880910873413086,4,False,17|17|17|17,21|21|21|21,17|46|46|17
171,True,3.0,0.037698412698412696,2,False,8.006707191467285,2,False,62|9|9|62,32|13|32|32,32|20|20|32
172,True,0.0,0.0,0,True,0.0,0,True,1|1|1|1,1|1|1|1,1|1|1|1
173,True,6.0,0.11267006802721088,4,False,7.084137439727783,4,False,57|57|57|57,0|0|0|0,3|3|3|3
174,True,6.0,0.11295351473922903,4,False,11.763360977172852,4,False,54|54|54|54,11|62|11|11,37|50|37|37
175,True,5.0,0.0939625850340136,4,False,10.945075035095215,4,False,51|51|51|51,51|58|51|51,55|9|9|55
176,True,6.0,0.11295351473922903,4,False,14.192285537719727,4,False,59|59|59|59,60|60|60|60,24|31|31|24
177,True,6.0,0.11210317460317461,4,False,7.30440616607666,4,False,14|14|14|14,33|33|33|33,14|27|14|14
178,True,0.0,0.0,0,True,0.0,0,True,32|37|37|32,32|24|24|32,32|24|24|32
179,True,0.0,0.0,0,True,0.0,0,True,21|21|21|21,13|37|37|13,13|37|37|13
180,True,0.0,0.0,0,True,0.0,0,True,16|16|16|16,17|17|17|17,17|17|17|17
181,True,6.0,0.11224489795918367,4,False,9.465043067932129,4,False,19|19|19|19,35|35|35|35,14|14|14|14
182,True,6.0,0.11267006802721088,4,False,11.019176483154297,4,False,9|9|9|9,6|6|6|6,9|9|9|9
183,True,6.0,0.11210317460317461,4,False,9.98133373260498,4,False,40|40|40|40,1|1|1|1,27|27|27|27
184,True,0.0,0.0,0,True,0.0,0,True,1|1|1|1,19|19|19|19,19|19|19|19
185,True,6.0,0.11210317460317461,4,False,11.186519622802734,0,True,3|57|3|3,12|12|12|12,39|39|39|39
186,True,5.0,0.11295351473922903,4,False,12.087504386901855,4,False,5|5|5|5,60|9|9|60,24|42|42|24
187,True,0.0,0.0,0,True,0.0,0,True,49|49|49|49,49|49|49|49,49|49|49|49
188,True,6.0,0.11267006802721088,4,False,6.283791542053223,4,False,23|23|23|23,47|47|47|47,56|56|56|56
189,True,0.0,0.0,0,True,0.0,0,True,30|35|30|30,14|14|14|14,14|14|14|14
190,True,6.0,0.11210317460317461,4,False,12.154895782470703,4,False,40|40|40|40,1|29|1|1,19|19|19|19
191,True,0.0,0.0,0,True,0.0,0,True,29|29|29|29,14|14|14|14,14|14|14|14
192,True,0.0,0.0,0,True,0.0,0,True,11|62|11|11,5|58|5|5,5|58|5|5
193,True,6.0,0.11238662131519274,4,False,11.731285095214844,4,False,28|28|28|28,39|52|39|39,28|28|28|28
194,True,0.0,0.0,0,True,0.0,0,True,55|55|55|55,55|55|55|55,55|55|55|55
195,True,6.0,0.11281179138321995,4,False,11.649465560913086,3,False,33|33|33|33,1|29|1|1,33|56|33|33
196,True,6.0,0.11281179138321995,4,False,7.101213455200195,1,False,23|23|23|23,56|18|56|56,23|23|23|23
197,True,0.0,0.0,0,True,0.0,0,True,27|27|27|27,63|63|63|63,63|63|63|63
198,True,6.0,0.11267006802721088,4,False,10.917068481445312,4,False,24|61|62|24,31|31|31|31,54|9|9|54
199,True,0.0,0.0,0,True,0.0,0,True,54|20|20|54,39|24|24|39,39|24|24|39
200,True,0.0,0.0,0,True,0.0,0,True,62|62|62|62,62|62|62|62,62|62|62|62
201,True,0.0,0.0,0,True,0.0,0,True,16|16|16|16,63|63|63|63,63|63|63|63
202,True,0.0,0.0,0,True,0.0,0,True,1|31|24|1,32|31|31|32,32|31|31|32
203,True,0.0,0.0,0,True,0.0,0,True,39|52|39|39,25|25|25|25,25|25|25|25
204,True,0.0,0.0,0,True,0.0,0,True,3|36|3|3,3|3|3|3,3|3|3|3
205,True,0.0,0.0,0,True,0.0,0,True,19|19|19|19,19|19|19|19,19|19|19|19
206,True,5.0,0.07497165532879818,4,False,7.625631332397461,1,False,28|28|28|28,11|43|11|11,28|28|28|28
207,True,0.0,0.0,0,True,0.0,0,True,27|27|27|27,63|19|63|63,63|19|63|63
208,True,0.0,0.0,0,True,0.0,0,True,55|24|24|55,51|26|51|51,51|26|51|51
209,True,6.0,0.11267006802721088,4,False,6.982752799987793,4,False,3|3|3|3,12|12|12|12,3|3|3|3
210,True,0.0,0.0,0,True,0.0,0,True,3|3|3|3,12|12|12|12,12|12|12|12
211,True,5.0,0.11238662131519274,4,False,13.236618041992188,0,True,11|62|11|11,54|54|54|54,50|50|50|50
212,True,0.0,0.0,0,True,0.0,0,True,37|50|37|37,50|50|50|50,50|50|50|50
213,True,0.0,0.0,0,True,0.0,0,True,46|43|43|46,22|37|40|22,22|37|40|22
214,True,6.0,0.11224489795918367,4,False,11.2662353515625,4,False,35|35|35|35,14|27|14|14,36|36|36|36
215,True,6.0,0.11238662131519274,4,False,12.759864807128906,3,False,42|42|42|42,51|51|51|51,43|31|31|43
216,True,0.0,0.0,0,True,0.0,0,True,58|58|58|58,58|58|58|58,58|58|58|58
217,True,5.0,0.07525510204081633,3,False,10.742987632751465,4,False,7|7|7|7,43|43|43|43,11|43|11|11
218,True,0.0,0.0,0,True,0.0,0,True,33|33|33|33,40|40|40|40,40|40|40|40
219,True,0.0,0.0,0,True,0.0,0,True,57|57|57|57,56|18|56|56,56|18|56|56
220,True,0.0,0.0,0,True,0.0,0,True,37|37|37|37,40|37|40|40,40|37|40|40
221,True,1.5,0.03755668934240363,2,False,8.683585166931152,2,False,1|31|31|1,32|24|24|32,32|62|62|32
222,True,0.0,0.0,0,True,0.0,0,True,37|37|37|37,27|27|27|27,27|27|27|27
223,True,0.0,0.0,0,True,0.0,0,True,15|15|15|15,24|42|42|24,24|42|42|24
224,True,6.0,0.11267006802721088,4,False,8.212944030761719,4,False,13|13|13|13,19|19|19|19,13|37|37|13
225,True,0.0,0.0,0,True,0.0,0,True,1|1|1|1,29|29|29|29,29|29|29|29
226,True,0.0,0.0,0,True,0.0,0,True,47|47|47|47,10|10|10|10,10|10|10|10
227,True,6.0,0.11267006802721088,4,False,15.500445365905762,4,False,37|50|37|37,5|58|5|5,54|54|54|54
228,True,0.0,0.0,0,True,0.0,0,True,1|29|1|1,33|14|33|33,33|14|33|33
229,True,2.0,0.03713151927437642,4,False,9.485072135925293,4,False,62|52|9|62,1|31|31|1,62|20|20|62
230,True,0.0,0.0,0,True,0.0,0,True,24|61|61|24,24|61|61|24,24|61|61|24
231,True,0.0,0.0,0,True,0.0,0,True,1|1|1|1,33|33|33|33,33|33|33|33
232,True,6.0,0.11267006802721088,4,False,6.188015937805176,4,False,3|57|3|3,3|57|3|3,49|49|49|49
233,True,6.0,0.11281179138321995,4,False,12.93008804321289,4,False,13|13|13|13,27|27|27|27,21|20|20|21
234,True,0.0,0.0,0,True,0.0,0,True,56|10|56|56,57|57|57|57,57|57|57|57
235,True,0.0,0.0,0,True,0.0,0,True,16|16|16|16,17|17|17|17,17|17|17|17
236,True,0.0,0.0,0,True,0.0,0,True,49|49|49|49,12|12|12|12,12|12|12|12
237,True,0.0,0.0,0,True,0.0,0,True,16|39|39|16,16|39|39|16,16|39|39|16
238,True,5.0,0.07497165532879818,4,False,6.578884124755859,4,False,47|47|47|47,36|36|36|36,10|10|10|10
239,True,5.0,0.07468820861678005,4,False,9.141514778137207,4,False,14|27|14|14,19|19|19|19,36|36|36|36
240,True,5.0,0.07468820861678005,4,False,10.737621307373047,4,False,52|52|52|52,25|25|25|25,39|52|39|39
241,True,0.0,0.0,0,True,0.0,0,True,29|29|29|29,1|29|1|1,1|29|1|1
242,True,6.0,0.11224489795918367,4,False,9.451281547546387,4,False,33|33|33|33,35|35|35|35,14|14|14|14
243,True,0.0,0.0,0,True,0.0,0,True,3|36|3|3,3|57|3|3,3|57|3|3
244,True,0.0,0.0,0,True,0.0,0,True,1|1|1|1,1|1|1|1,1|1|1|1
245,True,6.0,0.11238662131519274,4,False,11.212956428527832,4,False,0|0|0|0,18|50|18|18,3|36|3|3
246,True,0.0,0.0,0,True,0.0,0,True,11|43|11|11,11|11|11|11,11|11|11|11
247,True,6.0,0.11267006802721088,4,False,10.289959907531738,2,False,8|8|8|8,55|47|55|55,33|10|33|33
248,True,0.0,0.0,0,True,0.0,0,True,32|62|62|32,32|62|62|32,32|62|62|32
249,True,0.0,0.0,0,True,0.0,0,True,33|14|33|33,33|33|33|33,33|33|33|33
